eventID,occurrenceID,basisOfRecord,eventDate,kingdom,Order,scientificName,Commonname,taxonRank,individualCount,organismQuantity,organismQuantityType,occurrenceStatus,Latitude,Longitude,Pollutionscore,Endlatitude,Endlongitude,geodeticDatum,countryCode
N3P_A,N3P_A1,Humanobservation,2025-09-10,Plantae,Polypodiales,Pteridium_aquilinum,Bracken,Species,1,100,Percentagecover,Present,N55  42.253,W005 16.761,,,,WGS84,SCO
N3P_B,N3P_B1,Humanobservation,2025-09-10,Plantae,Rosales,Rubus_fruticosus_L.,European_blackberry,Species,1,20,Percentagecover,Present,N55  42.231,W005 16.724,,,,WGS84,SCO
N3P_B,N3P_B2,Humanobservation,2025-09-10,Plantae,Poales,Agrostis_capillaris,Common_bent,Species,1,50,Percentagecover,Present,N55  42.231,W005 16.724,,,,WGS84,SCO
N3P_B,N3P_B3,Humanobservation,2025-09-10,Plantae,Polypodiales,Pteridium_aquilinum,Bracken,Species,1,100,Percentagecover,Present,N55  42.231,W005 16.724,,,,WGS84,SCO
N3P_B,N3P_B4,Humanobservation,2025-09-10,Plantae,Gentianales,Galium_mollugo,Hedge_bedstraw,Species,1,50,Percentagecover,Present,N55  42.231,W005 16.724,,,,WGS84,SCO
N3P_C,N3P_C1,Humanobservation,2025-09-10,Plantae,Polypodiales,Pteridium_aquilinum,Bracken,Species,1,100,Percentagecover,Present,N55  42.205,W005 16.686,,,,WGS84,SCO
N3P_C,N3P_C2,Humanobservation,2025-09-10,Plantae,Gentianales,Galium_mollugo,Hedge_bedstraw,Species,1,60,Percentagecover,Present,N55  42.205,W005 16.686,,,,WGS84,SCO
N3P_C,N3P_C3,Humanobservation,2025-09-10,Plantae,Rosales,Rubus_fruticosus_L.,European_blackberry,Species,1,10,Percentagecover,Present,N55  42.205,W005 16.686,,,,WGS84,SCO
N3P_C,N3P_C4,Humanobservation,2025-09-10,Plantae,Hypnales,Rhytidadelphus_triquetrus,Big_shaggy-moss,Species,1,100,Percentagecover,Present,N55  42.205,W005 16.686,,,,WGS84,SCO
N3P_C,N3P_C5,Humanobservation,2025-09-10,Plantae,Lamiales,Teucrium_scorodonia,Wood_sage,Species,1,15,Percentagecover,Present,N55  42.205,W005 16.686,,,,WGS84,SCO
N3P_D,N3P_D1,Humanobservation,2025-09-10,Plantae,Dipsacales,Lonicera_periclymenum,European_honeysuckle,Species,1,20,Percentagecover,Present,N55  42.182,W005 16.640,,,,WGS84,SCO
N3P_D,N3P_D2,Humanobservation,2025-09-10,Plantae,Polypodiales,Pteridium_aquilinum,Bracken,Species,1,100,Percentagecover,Present,N55  42.182,W005 16.640,,,,WGS84,SCO
N3P_D,N3P_D3,Humanobservation,2025-09-10,Plantae,Hypnales,Rhytidadelphus_triquetrus,Big_shaggy-moss,Species,1,50,Percentagecover,Present,N55  42.182,W005 16.640,,,,WGS84,SCO
N3P_D,N3P_D4,Humanobservation,2025-09-10,Plantae,Lamiales,Teucrium_scorodonia,Wood_sage,Species,1,5,Percentagecover,Present,N55  42.182,W005 16.640,,,,WGS84,SCO
N3P_E,N3P_E1,Humanobservation,2025-09-10,Plantae,Polypodiales,Pteridium_aquilinum,Bracken,Species,1,100,Percentagecover,Present,N55  42.156,W005 16.606,,,,WGS84,SCO
N3P_E,N3P_E2,Humanobservation,2025-09-10,Plantae,Rosales,Rubus_fruticosus_L.,European_blackberry,Species,1,25,Percentagecover,Present,N55  42.156,W005 16.606,,,,WGS84,SCO
N3P_F,N3P_F1,Humanobservation,2025-09-10,Plantae,Polypodiales,Pteridium_aquilinum,Bracken,Species,1,100,Percentagecover,Present,N55  42.134,W005 16.563,,,,WGS84,SCO
N3P_F,N3P_F2,Humanobservation,2025-09-10,Plantae,Rosales,Rubus_fruticosus_L.,European_blackberry,Species,1,60,Percentagecover,Present,N55  42.134,W005 16.563,,,,WGS84,SCO
N3P_F,N3P_F3,Humanobservation,2025-09-10,Plantae,Hypnales,Rhytidadelphus_triquetrus,Big_shaggy-moss,Species,1,40,Percentagecover,Present,N55  42.134,W005 16.563,,,,WGS84,SCO
N3P_G,N3P_G1,Humanobservation,2025-09-10,Plantae,Rosales,Rubus_fruticosus_L.,European_blackberry,Species,1,33,Percentagecover,Present,N55  42.110,W005 16.517,,,,WGS84,SCO
N3P_G,N3P_G2,Humanobservation,2025-09-10,Plantae,Polypodiales,Pteridium_aquilinum,Bracken,Species,1,100,Percentagecover,Present,N55  42.110,W005 16.517,,,,WGS84,SCO
N3P_G,N3P_G3,Humanobservation,2025-09-10,Plantae,Hypnales,Rhytidadelphus_triquetrus,Big_shaggy-moss,Species,1,40,Percentagecover,Present,N55  42.110,W005 16.517,,,,WGS84,SCO
N3P_H,N3P_H1,Humanobservation,2025-09-10,Plantae,Polypodiales,Pteridium_aquilinum,Bracken,Species,1,100,Percentagecover,Present,N55  42.080,W005 16.471,,,,WGS84,SCO
N3P_H,N3P_H2,Humanobservation,2025-09-10,Plantae,Ranunculales,Ranunculus_repens,Creeping_buttercup,Species,1,25,Percentagecover,Present,N55  42.080,W005 16.471,,,,WGS84,SCO
N3P_H,N3P_H3,Humanobservation,2025-09-10,Plantae,Hypnales,Rhytidadelphus_triquetrus,Big_shaggy-moss,Species,1,60,Percentagecover,Present,N55  42.080,W005 16.471,,,,WGS84,SCO
N3P_H,N3P_H4,Humanobservation,2025-09-10,Plantae,Rosales,Potentilla_erecta,Tormentil,Species,1,5,Percentagecover,Present,N55  42.080,W005 16.471,,,,WGS84,SCO
N3P_H,N3P_H5,Humanobservation,2025-09-10,Plantae,Rosales,Rubus_fruticosus_L.,European_blackberry,Species,1,35,Percentagecover,Present,N55  42.080,W005 16.471,,,,WGS84,SCO
N3P_I,N3P_I1,Humanobservation,2025-09-10,Plantae,Polypodiales,Pteridium_aquilinum,Bracken,Species,1,100,Percentagecover,Present,N55  42.071,W005 16.414,,,,WGS84,SCO
N3P_I,N3P_I2,Humanobservation,2025-09-10,Plantae,Rosales,Rubus_fruticosus_L.,European_blackberry,Species,1,10,Percentagecover,Present,N55  42.071,W005 16.414,,,,WGS84,SCO
N3P_J,N3P_J1,Humanobservation,2025-09-10,Plantae,Polypodiales,Pteridium_aquilinum,Bracken,Species,1,100,Percentagecover,Present,N55  42.056,W005 16.365,,,,WGS84,SCO
N3P_J,N3P_J2,Humanobservation,2025-09-10,Plantae,Rosales,Rubus_fruticosus_L.,European_blackberry,Species,1,33,Percentagecover,Present,N55  42.056,W005 16.365,,,,WGS84,SCO
N3P_J,N3P_J3,Humanobservation,2025-09-10,Plantae,Gentianales,Galium_mollugo,Hedge_bedstraw,Species,1,40,Percentagecover,Present,N55  42.056,W005 16.365,,,,WGS84,SCO
N3P_J,N3P_J4,Humanobservation,2025-09-10,Plantae,Rosales,Rubus_fruticosus_L.,European_blackberry,Species,1,3,Percentagecover,Present,N55  42.056,W005 16.365,,,,WGS84,SCO
N3P_J,N3P_J5,Humanobservation,2025-09-10,Plantae,Poales,Agrostis_capillaris,Common_bent,Species,1,10,Percentagecover,Present,N55  42.056,W005 16.365,,,,WGS84,SCO
N3P_J,N3P_J6,Humanobservation,2025-09-10,Plantae,Fabales,Ulex_europaeus,Gorse,Species,1,10,Percentagecover,Present,N55  42.056,W005 16.365,,,,WGS84,SCO
N3P_J,N3P_J7,Humanobservation,2025-09-10,Plantae,Hypnales,Rhytidadelphus_triquetrus,Big_shaggy-moss,Species,1,60,Percentagecover,Present,N55  42.056,W005 16.365,,,,WGS84,SCO
N1P_A,N1P_A1,Humanobservation,2025-09-11,Plantae,Ericales,Calluna_vulgaris,Common_heather,Species,1,90,Percentagecover,Present,N55  42.354,W005 16.577,,,,WGS84,SCO
N1P_A,N1P_A2,Humanobservation,2025-09-11,Plantae,Ericales,Erica_cinerea,Bell_heather,Species,1,10,Percentagecover,Present,N55  42.354,W005 16.577,,,,WGS84,SCO
N1P_A,N1P_A3,Humanobservation,2025-09-11,Plantae,Hypnales,Rhytidadelphus_triquetrus,Big_shaggy-moss,Species,1,80,Percentagecover,Present,N55  42.354,W005 16.577,,,,WGS84,SCO
N1P_A,N1P_A4,Humanobservation,2025-09-11,Plantae,Lamiales,Teucrium_scorodonia,Wood_sage,Species,1,5,Percentagecover,Present,N55  42.354,W005 16.577,,,,WGS84,SCO
N1P_B,N1P_B1,Humanobservation,2025-09-11,Plantae,Ericales,Calluna_vulgaris,Common_heather,Species,1,90,Percentagecover,Present,N55  42.342,W005 16.557,,,,WGS84,SCO
N1P_B,N1P_B2,Humanobservation,2025-09-11,Plantae,Ericales,Erica_cinerea,Bell_heather,Species,1,5,Percentagecover,Present,N55  42.342,W005 16.557,,,,WGS84,SCO
N1P_B,N1P_B3,Humanobservation,2025-09-11,Plantae,Polypodiales,Pteridium_aquilinum,Bracken,Species,1,5,Percentagecover,Present,N55  42.342,W005 16.557,,,,WGS84,SCO
N1P_B,N1P_B4,Humanobservation,2025-09-11,Plantae,Rosales,Potentilla_erecta,Tormentil,Species,1,5,Percentagecover,Present,N55  42.342,W005 16.557,,,,WGS84,SCO
N1P_B,N1P_B5,Humanobservation,2025-09-11,Plantae,Hypnales,Rhytidadelphus_triquetrus,Big_shaggy-moss,Species,1,80,Percentagecover,Present,N55  42.342,W005 16.557,,,,WGS84,SCO
N1P_B,N1P_B6,Humanobservation,2025-09-11,Plantae,Dicranales,Dicranum_scoparium,Broom_fork-moss,Species,1,15,Percentagecover,Present,N55  42.342,W005 16.557,,,,WGS84,SCO
N1P_C,N1P_C1,Humanobservation,2025-09-11,Plantae,Ericales,Calluna_vulgaris,Common_heather,Species,1,55,Percentagecover,Present,N55  42.329,W005 16.537,,,,WGS84,SCO
N1P_C,N1P_C2,Humanobservation,2025-09-11,Plantae,Ericales,Erica_cinerea,Bell_heather,Species,1,35,Percentagecover,Present,N55  42.329,W005 16.537,,,,WGS84,SCO
N1P_C,N1P_C3,Humanobservation,2025-09-11,Plantae,Polypodiales,Pteridium_aquilinum,Bracken,Species,1,10,Percentagecover,Present,N55  42.329,W005 16.537,,,,WGS84,SCO
N1P_C,N1P_C4,Humanobservation,2025-09-11,Plantae,Hypnales,Rhytidadelphus_triquetrus,Big_shaggy-moss,Species,1,90,Percentagecover,Present,N55  42.329,W005 16.537,,,,WGS84,SCO
N1P_C,N1P_C5,Humanobservation,2025-09-11,Plantae,Rosales,Potentilla_erecta,Tormentil,Species,1,5,Percentagecover,Present,N55  42.329,W005 16.537,,,,WGS84,SCO
N1P_D,N1P_D1,Humanobservation,2025-09-11,Plantae,Ericales,Calluna_vulgaris,Common_heather,Species,1,80,Percentagecover,Present,N55 42.318,W005 16.517,,,,WGS84,SCO
N1P_D,N1P_D2,Humanobservation,2025-09-11,Plantae,Ericales,Erica_cinerea,Bell_heather,Species,1,15,Percentagecover,Present,N55 42.318,W005 16.517,,,,WGS84,SCO
N1P_D,N1P_D3,Humanobservation,2025-09-11,Plantae,Polypodiales,Pteridium_aquilinum,Bracken,Species,1,5,Percentagecover,Present,N55 42.318,W005 16.517,,,,WGS84,SCO
N1P_D,N1P_D4,Humanobservation,2025-09-11,Plantae,Rosales,Potentilla_erecta,Tormentil,Species,1,5,Percentagecover,Present,N55 42.318,W005 16.517,,,,WGS84,SCO
N1P_D,N1P_D5,Humanobservation,2025-09-11,Plantae,Hypnales,Rhytidadelphus_triquetrus,Big_shaggy-moss,Species,1,90,Percentagecover,Present,N55 42.318,W005 16.517,,,,WGS84,SCO
N1P_E,N1P_E1,Humanobservation,2025-09-11,Plantae,Lamiales,Teucrium_scorodonia,Wood_sage,Species,1,15,Percentagecover,Present,N55 42.307,W005 16.494,,,,WGS84,SCO
N1P_E,N1P_E2,Humanobservation,2025-09-11,Plantae,Polypodiales,Pteridium_aquilinum,Bracken,Species,1,10,Percentagecover,Present,N55 42.307,W005 16.494,,,,WGS84,SCO
N1P_E,N1P_E3,Humanobservation,2025-09-11,Plantae,Poales,Avenella_flexuosa,Wavy_hair-grass,Species,1,80,Percentagecover,Present,N55 42.307,W005 16.494,,,,WGS84,SCO
N1P_E,N1P_E4,Humanobservation,2025-09-11,Plantae,Rosales,Potentilla_erecta,Tormentil,Species,1,10,Percentagecover,Present,N55 42.307,W005 16.494,,,,WGS84,SCO
N1P_E,N1P_E5,Humanobservation,2025-09-11,Plantae,Poales,Holcus_lanatus,Yorshire_fog,Species,1,20,Percentagecover,Present,N55 42.307,W005 16.494,,,,WGS84,SCO
N1P_E,N1P_E6,Humanobservation,2025-09-11,Plantae,Gentianales,Galium_mollugo,Hedge_bedstraw,Species,1,80,Percentagecover,Present,N55 42.307,W005 16.494,,,,WGS84,SCO
N1P_F,N1P_F1,Humanobservation,2025-09-11,Plantae,Digitalis,Digitalis_purpurea,Common_foxglove,Species,1,5,Percentagecover,Present,N55 42.295,W005 16.471,,,,WGS84,SCO
N1P_F,N1P_F2,Humanobservation,2025-09-11,Plantae,Ericales,Calluna_vulgaris,Common_heather,Species,1,60,Percentagecover,Present,N55 42.295,W005 16.471,,,,WGS84,SCO
N1P_F,N1P_F3,Humanobservation,2025-09-11,Plantae,Ericales,Erica_cinerea,Bell_heather,Species,1,20,Percentagecover,Present,N55 42.295,W005 16.471,,,,WGS84,SCO
N1P_F,N1P_F4,Humanobservation,2025-09-11,Plantae,Hypnales,Rhytidadelphus_triquetrus,Big_shaggy-moss,Species,1,80,Percentagecover,Present,N55 42.295,W005 16.471,,,,WGS84,SCO
N1P_F,N1P_F5,Humanobservation,2025-09-11,Plantae,Poales,Holcus_lanatus,Yorshire_fog,Species,1,10,Percentagecover,Present,N55 42.295,W005 16.471,,,,WGS84,SCO
N1P_F,N1P_F6,Humanobservation,2025-09-11,Plantae,Dicranales,Dicranum scoparium,Broom_fork-moss,Species,1,5,Percentagecover,Present,N55 42.295,W005 16.471,,,,WGS84,SCO
N1P_F,N1P_F7,Humanobservation,2025-09-11,Plantae,Lamiales,Teucrium_scorodonia,Wood_sage,Species,1,5,Percentagecover,Present,N55 42.295,W005 16.471,,,,WGS84,SCO
N1P_F,N1P_F8,Humanobservation,2025-09-11,Plantae,Gentianales,Galium_mollugo,Hedge_bedstraw,Species,1,80,Percentagecover,Present,N55 42.295,W005 16.471,,,,WGS84,SCO
N1P_F,N1P_F9,Humanobservation,2025-09-11,Plantae,Poales,Avenella_flexuosa,Wavy_hair-grass,Species,1,5,Percentagecover,Present,N55 42.295,W005 16.471,,,,WGS84,SCO
N1P_G,N1P_G1,Humanobservation,2025-09-11,Plantae,Ericales,Calluna_vulgaris,Common_heather,Species,1,40,Percentagecover,Present,N55 42.281,W005 16.451,,,,WGS84,SCO
N1P_G,N1P_G2,Humanobservation,2025-09-11,Plantae,Ericales,Erica_cinerea,Bell_heather,Species,1,30,Percentagecover,Present,N55 42.281,W005 16.451,,,,WGS84,SCO
N1P_G,N1P_G3,Humanobservation,2025-09-11,Plantae,Hypnales,Rhytidadelphus_triquetrus,Big_shaggy-moss,Species,1,50,Percentagecover,Present,N55 42.281,W005 16.451,,,,WGS84,SCO
N1P_G,N1P_G4,Humanobservation,2025-09-11,Plantae,Poales,Holcus_lanatus,Yorshire_fog,Species,1,10,Percentagecover,Present,N55 42.281,W005 16.451,,,,WGS84,SCO
N1P_G,N1P_G5,Humanobservation,2025-09-11,Plantae,Gentianales,Galium_mollugo,Hedge_bedstraw,Species,1,20,Percentagecover,Present,N55 42.281,W005 16.451,,,,WGS84,SCO
N1P_G,N1P_G6,Humanobservation,2025-09-11,Plantae,Ranunculales,Ranunculus_repens,Creeping_buttercup,Species,1,5,Percentagecover,Present,N55 42.281,W005 16.451,,,,WGS84,SCO
N1P_H,N1P_H1,Humanobservation,2025-09-11,Plantae,Ericales,Erica_cinerea,Bell_heather,Species,1,70,Percentagecover,Present,N55 42.268,W005 16.434,,,,WGS84,SCO
N1P_H,N1P_H2,Humanobservation,2025-09-11,Plantae,Poales,Avenella_flexuosa,Wavy_hair-grass,Species,1,20,Percentagecover,Present,N55 42.268,W005 16.434,,,,WGS84,SCO
N1P_H,N1P_H3,Humanobservation,2025-09-11,Plantae,Poales,Juncus_effusus,Soft_rush,Species,1,5,Percentagecover,Present,N55 42.268,W005 16.434,,,,WGS84,SCO
N1P_H,N1P_H4,Humanobservation,2025-09-11,Plantae,Gentianales,Galium_mollugo,Hedge_bedstraw,Species,1,70,Percentagecover,Present,N55 42.268,W005 16.434,,,,WGS84,SCO
N1P_H,N1P_H5,Humanobservation,2025-09-11,Plantae,Ranunculales,Ranunculus_repens,Creeping_buttercup,Species,1,5,Percentagecover,Present,N55 42.268,W005 16.434,,,,WGS84,SCO
N1P_H,N1P_H6,Humanobservation,2025-09-11,Plantae,Hypnales,Rhytidadelphus_triquetrus,Big_shaggy-moss,Species,1,40,Percentagecover,Present,N55 42.268,W005 16.434,,,,WGS84,SCO
N1P_I,N1P_I1,Humanobservation,2025-09-11,Plantae,Ericales,Calluna_vulgaris,Common_heather,Species,1,95,Percentagecover,Present,N55 42.255,W005 16.414,,,,WGS84,SCO
N1P_I,N1P_I2,Humanobservation,2025-09-11,Plantae,Ericales,Erica_cinerea,Bell_heather,Species,1,5,Percentagecover,Present,N55 42.255,W005 16.414,,,,WGS84,SCO
N1P_I,N1P_I3,Humanobservation,2025-09-11,Plantae,Rosales,Potentilla_erecta,Tormentil,Species,1,5,Percentagecover,Present,N55 42.255,W005 16.414,,,,WGS84,SCO
N1P_I,N1P_I4,Humanobservation,2025-09-11,Plantae,Hypnales,Rhytidadelphus_triquetrus,Big_shaggy-moss,Species,1,90,Percentagecover,Present,N55 42.255,W005 16.414,,,,WGS84,SCO
N1P_J,N1P_J1,Humanobservation,2025-09-11,Plantae,Ericales,Calluna_vulgaris,Common_heather,Species,1,95,Percentagecover,Present,N55 42.242,W005 16.396,,,,WGS84,SCO
N1P_J,N1P_J2,Humanobservation,2025-09-11,Plantae,Ericales,Erica_cinerea,Bell_heather,Species,1,5,Percentagecover,Present,N55 42.242,W005 16.396,,,,WGS84,SCO
N1P_J,N1P_J3,Humanobservation,2025-09-11,Plantae,Rosales,Potentilla_erecta,Tormentil,Species,1,5,Percentagecover,Present,N55 42.242,W005 16.396,,,,WGS84,SCO
N1P_J,N1P_J4,Humanobservation,2025-09-11,Plantae,Hypnales,Rhytidadelphus_triquetrus,Big_shaggy-moss,Species,1,90,Percentagecover,Present,N55 42.242,W005 16.396,,,,WGS84,SCO
N2P_J,N2P_J1,Humanobservation,2025-09-11,Plantae,Poales,Avenella_flexuosa,Wavy_hair-grass,Species,1,33,Percentagecover,Present,N55 42.143,W005 16.419,,,,WGS84,SCO
N2P_J,N2P_J2,Humanobservation,2025-09-11,Plantae,Gentianales,Galium_mollugo,Hedge_bedstraw,Species,1,60,Percentagecover,Present,N55 42.143,W005 16.419,,,,WGS84,SCO
N2P_J,N2P_J3,Humanobservation,2025-09-11,Plantae,Caryophyllales,Cerastium fontanum,Little_mouse-ear_chickweed,Species,1,5,Percentagecover,Present,N55 42.143,W005 16.419,,,,WGS84,SCO
N2P_J,N2P_J4,Humanobservation,2025-09-11,Plantae,Poales,Holcus_lanatus,Yorshire_fog,Species,1,33,Percentagecover,Present,N55 42.143,W005 16.419,,,,WGS84,SCO
N2P_J,N2P_J5,Humanobservation,2025-09-11,Plantae,Poales,Anthoxanthum_odoratum,Sweet_vernal_grass,Species,1,20,Percentagecover,Present,N55 42.143,W005 16.419,,,,WGS84,SCO
N2P_I,N2P_I1,Humanobservation,2025-09-11,Plantae,Poales,Avenella_flexuosa,Wavy_hair-grass,Species,1,60,Percentagecover,Present,N55 42.161,W005 16.431,,,,WGS84,SCO
N2P_I,N2P_I2,Humanobservation,2025-09-11,Plantae,Poales,Anthoxanthum_odoratum,Sweet_vernal_grass,Species,1,40,Percentagecover,Present,N55 42.161,W005 16.431,,,,WGS84,SCO
N2P_I,N2P_I3,Humanobservation,2025-09-11,Plantae,Gentianales,Galium_mollugo,Hedge_bedstraw,Species,1,80,Percentagecover,Present,N55 42.161,W005 16.431,,,,WGS84,SCO
N2P_I,N2P_I4,Humanobservation,2025-09-11,Plantae,Hypnales,Rhytidadelphus_triquetrus,Big_shaggy-moss,Species,1,90,Percentagecover,Present,N55 42.161,W005 16.431,,,,WGS84,SCO
N2P_H,N2P_H1,Humanobservation,2025-09-11,Plantae,Rosales,Potentilla_erecta,Tormentil,Species,1,5,Percentagecover,Present,N55 42.176,W005 16.448,,,,WGS84,SCO
N2P_H,N2P_H2,Humanobservation,2025-09-11,Plantae,Poales,Avenella_flexuosa,Wavy_hair-grass,Species,1,70,Percentagecover,Present,N55 42.176,W005 16.448,,,,WGS84,SCO
N2P_H,N2P_H3,Humanobservation,2025-09-11,Plantae,Poales,Holcus_lanatus,Yorshire_fog,Species,1,30,Percentagecover,Present,N55 42.176,W005 16.448,,,,WGS84,SCO
N2P_H,N2P_H4,Humanobservation,2025-09-11,Plantae,Gentianales,Galium_mollugo,Hedge_bedstraw,Species,1,70,Percentagecover,Present,N55 42.176,W005 16.448,,,,WGS84,SCO
N2P_H,N2P_H5,Humanobservation,2025-09-11,Plantae,Hypnales,Rhytidadelphus_triquetrus,Big_shaggy-moss,Species,1,90,Percentagecover,Present,N55 42.176,W005 16.448,,,,WGS84,SCO
N2P_G,N2P_G1,Humanobservation,2025-09-11,Plantae,Polypodiales,Pteridium_aquilinum,Bracken,Species,1,5,Percentagecover,Present,N55 42.185,W005 16.468,,,,WGS84,SCO
N2P_G,N2P_G2,Humanobservation,2025-09-11,Plantae,Poales,Avenella_flexuosa,Wavy_hair-grass,Species,1,70,Percentagecover,Present,N55 42.185,W005 16.468,,,,WGS84,SCO
N2P_G,N2P_G3,Humanobservation,2025-09-11,Plantae,Gentianales,Galium_mollugo,Hedge_bedstraw,Species,1,80,Percentagecover,Present,N55 42.185,W005 16.468,,,,WGS84,SCO
N2P_G,N2P_G4,Humanobservation,2025-09-11,Plantae,Poales,Anthoxanthum_odoratum,Sweet_vernal_grass,Species,1,10,Percentagecover,Present,N55 42.185,W005 16.468,,,,WGS84,SCO
N2P_F,N2P_F1,Humanobservation,2025-09-11,Plantae,Poales,Holcus_lanatus,Yorshire_fog,Species,1,20,Percentagecover,Present,N55 42.198,W005 16.488,,,,WGS84,SCO
N2P_F,N2P_F2,Humanobservation,2025-09-11,Plantae,Gentianales,Galium_mollugo,Hedge_bedstraw,Species,1,80,Percentagecover,Present,N55 42.198,W005 16.488,,,,WGS84,SCO
N2P_F,N2P_F3,Humanobservation,2025-09-11,Plantae,Poales,Deschampsia_cespitosa,Tufted_hair_grass,Species,1,80,Percentagecover,Present,N55 42.198,W005 16.488,,,,WGS84,SCO
N2P_E,N2P_E1,Humanobservation,2025-09-11,Plantae,Ericales,Lysimachia nemorum,Yellow_pimpernel,Species,1,5,Percentagecover,Present,N55 42.207,W005 16.514,,,,WGS84,SCO
N2P_E,N2P_E2,Humanobservation,2025-09-11,Plantae,Poales,Holcus_lanatus,Yorshire_fog,Species,1,10,Percentagecover,Present,N55 42.207,W005 16.514,,,,WGS84,SCO
N2P_E,N2P_E3,Humanobservation,2025-09-11,Plantae,Poales,Avenella_flexuosa,Wavy_hair-grass,Species,1,90,Percentagecover,Present,N55 42.207,W005 16.514,,,,WGS84,SCO
N2P_E,N2P_E4,Humanobservation,2025-09-11,Plantae,Malpighiales,Viola_palustris,Marsh_violet,Species,1,5,Percentagecover,Present,N55 42.207,W005 16.514,,,,WGS84,SCO
N2P_E,N2P_E5,Humanobservation,2025-09-11,Plantae,Gentianales,Galium_mollugo,Hedge_bedstraw,Species,1,60,Percentagecover,Present,N55 42.207,W005 16.514,,,,WGS84,SCO
N2P_D,N2P_D1,Humanobservation,2025-09-11,Plantae,Rosales,Rubus_fruticosus_L.,European_blackberry,Species,1,10,Percentagecover,Present,N55 42.219,W005 16.534,,,,WGS84,SCO
N2P_D,N2P_D2,Humanobservation,2025-09-11,Plantae,Polypodiales,Pteridium_aquilinum,Bracken,Species,1,10,Percentagecover,Present,N55 42.219,W005 16.534,,,,WGS84,SCO
N2P_D,N2P_D3,Humanobservation,2025-09-11,Plantae,Gentianales,Galium_mollugo,Hedge_bedstraw,Species,1,70,Percentagecover,Present,N55 42.219,W005 16.534,,,,WGS84,SCO
N2P_D,N2P_D4,Humanobservation,2025-09-11,Plantae,Rosales,Potentilla_erecta,Tormentil,Species,1,5,Percentagecover,Present,N55 42.219,W005 16.534,,,,WGS84,SCO
N2P_D,N2P_D5,Humanobservation,2025-09-11,Plantae,Poales,Holcus_lanatus,Yorshire_fog,Species,1,80,Percentagecover,Present,N55 42.219,W005 16.534,,,,WGS84,SCO
N2P_C,N2P_C1,Humanobservation,2025-09-11,Plantae,Poales,Holcus_lanatus,Yorshire_fog,Species,1,20,Percentagecover,Present,N55 42.231,W005 16.551,,,,WGS84,SCO
N2P_C,N2P_C2,Humanobservation,2025-09-11,Plantae,Poales,Avenella_flexuosa,Wavy_hair-grass,Species,1,80,Percentagecover,Present,N55 42.231,W005 16.551,,,,WGS84,SCO
N2P_C,N2P_C3,Humanobservation,2025-09-11,Plantae,Malpighiales,Viola_palustris,Marsh_violet,Species,1,5,Percentagecover,Present,N55 42.231,W005 16.551,,,,WGS84,SCO
N2P_C,N2P_C4,Humanobservation,2025-09-11,Plantae,Gentianales,Galium_mollugo,Hedge_bedstraw,Species,1,65,Percentagecover,Present,N55 42.231,W005 16.551,,,,WGS84,SCO
N2P_B,N2P_B1,Humanobservation,2025-09-11,Plantae,Malpighiales,Hypericum_perforatum,St._johns_wort,Species,1,5,Percentagecover,Present,N55 42.242,W005 16.577,,,,WGS84,SCO
N2P_B,N2P_B2,Humanobservation,2025-09-11,Plantae,Poales,Deschampsia_cespitosa,Tufted_hair_grass,Species,1,90,Percentagecover,Present,N55 42.242,W005 16.577,,,,WGS84,SCO
N2P_B,N2P_B3,Humanobservation,2025-09-11,Plantae,Poales,Holcus_lanatus,Yorshire_fog,Species,1,10,Percentagecover,Present,N55 42.242,W005 16.577,,,,WGS84,SCO
N2P_B,N2P_B4,Humanobservation,2025-09-11,Plantae,Gentianales,Galium_mollugo,Hedge_bedstraw,Species,1,20,Percentagecover,Present,N55 42.242,W005 16.577,,,,WGS84,SCO
N2P_A,N20_A1,Humanobservation,2025-09-11,Plantae,Poales,Anthoxanthum_odoratum,Sweet_vernal_grass,Species,1,30,Percentagecover,Present,N55 42.257,W005 16.594,,,,WGS84,SCO
N2P_A,N20_A2,Humanobservation,2025-09-11,Plantae,Polypodiales,Pteridium_aquilinum,Bracken,Species,1,5,Percentagecover,Present,N55 42.257,W005 16.594,,,,WGS84,SCO
N2P_A,N20_A3,Humanobservation,2025-09-11,Plantae,Poales,Avenella_flexuosa,Wavy_hair-grass,Species,1,40,Percentagecover,Present,N55 42.257,W005 16.594,,,,WGS84,SCO
N2P_A,N20_A4,Humanobservation,2025-09-11,Plantae,Gentianales,Galium_mollugo,Hedge_bedstraw,Species,1,60,Percentagecover,Present,N55 42.257,W005 16.594,,,,WGS84,SCO
N2P_A,N20_A5,Humanobservation,2025-09-11,Plantae,Hypnales,Rhytidadelphus_triquetrus,Big_shaggy-moss,Species,1,50,Percentagecover,Present,N55 42.257,W005 16.594,,,,WGS84,SCO
N2P_A,N20_A6,Humanobservation,2025-09-11,Plantae,Oxalidales,Oxalis,Wood_sorrel,Genus,1,5,Percentagecover,Present,N55 42.257,W005 16.594,,,,WGS84,SCO
N2P_A,N20_A7,Humanobservation,2025-09-11,Plantae,Poales,Holcus_lanatus,Yorshire_fog,Species,1,30,Percentagecover,Present,N55 42.257,W005 16.594,,,,WGS84,SCO
S3P_A,S3P_A1,Humanobservation,2025-09-10,Plantae,Rosales,Urtica_dioica,Common_nettle,Species,1,15,Percentagecover,Present,N55  42.027,W005  17.134,,,,WGS84,SCO
S3P_A,S3P_A2,Humanobservation,2025-09-10,Plantae,Poales,Nardus_stricta,Mat_grass,Species,1,85,Percentagecover,Present,N55  42.027,W005  17.134,,,,WGS84,SCO
S3P_A,S3P_A3,Humanobservation,2025-09-10,Plantae,Poales,Deschampsia_cespitosa,Tufted_hairgrass,Species,1,15,Percentagecover,Present,N55  42.027,W005  17.134,,,,WGS84,SCO
S3P_B,S3P_B1,Humanobservation,2025-09-10,Plantae,Fabales,Trifolium_repens,White_clover,Species,1,85,Percentagecover,Present,N55  42.003,W005  17.094,,,,WGS84,SCO
S3P_B,S3P_B2,Humanobservation,2025-09-10,Plantae,Poales,Agrostis_capillaris,Common_bent,Species,1,3,Percentagecover,Present,N55  42.003,W005  17.094,,,,WGS84,SCO
S3P_B,S3P_B3,Humanobservation,2025-09-10,Plantae,Poales,Nardus_stricta,Mat_grass,Species,1,60,Percentagecover,Present,N55  42.003,W005  17.094,,,,WGS84,SCO
S3P_C,S3P_C1,Humanobservation,2025-09-10,Plantae,Poales,Agrostis_capillaris,Common_bent,Species,1,8,Percentagecover,Present,N55  41.979,W005  17.065,,,,WGS84,SCO
S3P_C,S3P_C2,Humanobservation,2025-09-10,Plantae,Fabales,Trifolium_repens,White_clover,Species,1,20,Percentagecover,Present,N55  41.979,W005  17.065,,,,WGS84,SCO
S3P_C,S3P_C3,Humanobservation,2025-09-10,Plantae,Poales,Nardus_stricta,Mat_grass,Species,1,80,Percentagecover,Present,N55  41.979,W005  17.065,,,,WGS84,SCO
S3P_D,S3P_D1,Humanobservation,2025-09-10,Plantae,Poales,Juncus_inflexus,Hard_rush,Species,1,40,Percentagecover,Present,N55  41.949,W005  17.042,,,,WGS84,SCO
S3P_D,S3P_D2,Humanobservation,2025-09-10,Plantae,Poales,Juncus_effusus,Soft_rush,Species,1,40,Percentagecover,Present,N55  41.949,W005  17.042,,,,WGS84,SCO
S3P_E,S3P_E1,Humanobservation,2025-09-10,Plantae,Poales,Nardus_stricta,Mat_grass,Species,1,95,Percentagecover,Present,N55  41.922,W005  17.005,,,,WGS84,SCO
S3P_E,S3P_E2,Humanobservation,2025-09-10,Plantae,Rosales,Potentilla_erecta,Tormentil,Species,1,25,Percentagecover,Present,N55  41.922,W005  17.005,,,,WGS84,SCO
S3P_F,S3P_F1,Humanobservation,2025-09-10,Plantae,Poales,Nardus_stricta,Mat_grass,Species,1,90,Percentagecover,Present,N55  41.902,W005  16.956,,,,WGS84,SCO
S3P_F,S3P_F2,Humanobservation,2025-09-10,Plantae,Rosales,Potentilla_erecta,Tormentil,Species,1,15,Percentagecover,Present,N55  41.902,W005  16.956,,,,WGS84,SCO
S3P_F,S3P_F3,Humanobservation,2025-09-10,Plantae,Poales,Deschampsia_cespitosa,Tufted_hairgrass,Species,1,20,Percentagecover,Present,N55  41.902,W005  16.956,,,,WGS84,SCO
S3P_F,S3P_F4,Humanobservation,2025-09-10,Plantae,Poales,Holcus_lanatus,Yorkshire_fog,Species,1,15,Percentagecover,Present,N55  41.902,W005  16.956,,,,WGS84,SCO
S3P_G,S3P_G1,Humanobservation,2025-09-10,Plantae,Poales,Carex,Sedge,Genus,1,20,Percentagecover,Present,N55  41.907,W005  16.884,,,,WGS84,SCO
S3P_G,S3P_G2,Humanobservation,2025-09-10,Plantae,Poales,Juncus_effusus,Soft_rush,Species,1,30,Percentagecover,Present,N55  41.907,W005  16.884,,,,WGS84,SCO
S3P_G,S3P_G3,Humanobservation,2025-09-10,Plantae,Poales,Deschampsia_cespitosa,Tufted_hairgrass,Species,1,20,Percentagecover,Present,N55  41.907,W005  16.884,,,,WGS84,SCO
S3P_H,S3P_H1,Humanobservation,2025-09-10,Plantae,Rosales,Potentilla_erecta,Tormentil,Species,1,50,Percentagecover,Present,N55  41.862,W005  16.861,,,,WGS84,SCO
S3P_H,S3P_H2,Humanobservation,2025-09-10,Plantae,Poales,Nardus_stricta,Mat_grass,Species,1,80,Percentagecover,Present,N55  41.862,W005  16.861,,,,WGS84,SCO
S3P_H,S3P_H3,Humanobservation,2025-09-10,Plantae,Poales,Carex,Sedge,Genus,1,5,Percentagecover,Present,N55  41.862,W005  16.861,,,,WGS84,SCO
S3P_I,S3P_I1,Humanobservation,2025-09-10,Plantae,Polypodiales,Pteridium_aquilinum,Bracken,Species,1,15,Percentagecover,Present,N55  41.843,W005  16.821,,,,WGS84,SCO
S3P_I,S3P_I2,Humanobservation,2025-09-10,Plantae,Poales,Nardus_stricta,Mat_grass,Species,1,100,Percentagecover,Present,N55  41.843,W005  16.821,,,,WGS84,SCO
S3P_J,S3P_J1,Humanobservation,2025-09-10,Plantae,Fagales,Myrica_gale,Bog_myrtle,Species,1,10,Percentagecover,Present,N55  41.828,W005  16.810,,,,WGS84,SCO
S3P_J,S3P_J2,Humanobservation,2025-09-10,Plantae,Sphagnales,Sphagnum,Sphagnum_moss,Genus,1,5,Percentagecover,Present,N55  41.828,W005  16.810,,,,WGS84,SCO
S3P_J,S3P_J3,Humanobservation,2025-09-10,Plantae,Poales,Carex,Sedge,Genus,1,60,Percentagecover,Present,N55  41.828,W005  16.810,,,,WGS84,SCO
S3P_J,S3P_J4,Humanobservation,2025-09-10,Plantae,Poales,Holcus_lanatus,Yorkshire_fog,Species,1,3,Percentagecover,Present,N55  41.828,W005  16.810,,,,WGS84,SCO
S1P_A,S1P_A1,Humanobservation,2025-09-11,Plantae,Poales,Nardus_stricta,Mat_grass,Species,1,100,Percentagecover,Present,N55  41.870,W005  17.278,,,,WGS84,SCO
S1P_A,S1P_A2,Humanobservation,2025-09-11,Plantae,Rosales,Potentilla_erecta,Tormentil,Species,1,30,Percentagecover,Present,N55  41.870,W005  17.278,,,,WGS84,SCO
S1P_A,S1P_A3,Humanobservation,2025-09-11,Plantae,Gentianales,Galium_saxatile,Heath_bedstraw,Species,1,40,Percentagecover,Present,N55  41.870,W005  17.278,,,,WGS84,SCO
S1P_A,S1P_A4,Humanobservation,2025-09-11,Plantae,Poales,Holcus_lanatus,Yorkshire_fog,Species,1,5,Percentagecover,Present,N55  41.870,W005  17.278,,,,WGS84,SCO
S1P_B,S1P_B1,Humanobservation,2025-09-11,Plantae,Poales,Nardus_stricta,Mat_grass,Species,1,100,Percentagecover,Present,N55  41.857,W005  17.272,,,,WGS84,SCO
S1P_B,S1P_B2,Humanobservation,2025-09-11,Plantae,Rosales,Potentilla_erecta,Tormentil,Species,1,5,Percentagecover,Present,N55  41.857,W005  17.272,,,,WGS84,SCO
S1P_C,S1P_C1,Humanobservation,2025-09-11,Plantae,Polypodiales,Pteridium_aquilinum,Bracken,Species,1,80,Percentagecover,Present,N55  41.839,W005  17.280,,,,WGS84,SCO
S1P_C,S1P_C2,Humanobservation,2025-09-11,Plantae,Poales,Nardus_stricta,Mat_grass,Species,1,100,Percentagecover,Present,N55  41.839,W005  17.280,,,,WGS84,SCO
S1P_C,S1P_C3,Humanobservation,2025-09-11,Plantae,Hypnales,Rhytidiadelphus_triquetrus,Big_shaggy-moss,Species,1,20,Percentagecover,Present,N55  41.839,W005  17.280,,,,WGS84,SCO
S1P_D,S1P_D1,Humanobservation,2025-09-11,Plantae,Polypodiales,Pteridium_aquilinum,Bracken,Species,1,15,Percentagecover,Present,N55  41.825,W005  17.275,,,,WGS84,SCO
S1P_D,S1P_D2,Humanobservation,2025-09-11,Plantae,Poales,Nardus_stricta,Mat_grass,Species,1,80,Percentagecover,Present,N55  41.825,W005  17.275,,,,WGS84,SCO
S1P_D,S1P_D3,Humanobservation,2025-09-11,Plantae,Rosales,Potentilla_erecta,Tormentil,Species,1,5,Percentagecover,Present,N55  41.825,W005  17.275,,,,WGS84,SCO
S1P_E,S1P_E1,Humanobservation,2025-09-11,Plantae,Polypodiales,Pteridium_aquilinum,Bracken,Species,1,25,Percentagecover,Present,N55  41.809,W005  17.269,,,,WGS84,SCO
S1P_E,S1P_E2,Humanobservation,2025-09-11,Plantae,Poales,Nardus_stricta,Mat_grass,Species,1,90,Percentagecover,Present,N55  41.809,W005  17.269,,,,WGS84,SCO
S1P_E,S1P_E3,Humanobservation,2025-09-11,Plantae,Rosales,Urtica_dioica,Common_nettle,Species,1,5,Percentagecover,Present,N55  41.809,W005  17.269,,,,WGS84,SCO
S1P_F,S1P_F1,Humanobservation,2025-09-11,Plantae,Poales,Nardus_stricta,Mat_grass,Species,1,20,Percentagecover,Present,N55  41.793,W005  17.255,,,,WGS84,SCO
S1P_F,S1P_F2,Humanobservation,2025-09-11,Plantae,Malpighiales,Viola_palustris,Marsh_violet,Species,1,8,Percentagecover,Present,N55  41.793,W005  17.255,,,,WGS84,SCO
S1P_F,S1P_F3,Humanobservation,2025-09-11,Plantae,Polypodiales,Pteridium_aquilinum,Bracken,Species,1,30,Percentagecover,Present,N55  41.793,W005  17.255,,,,WGS84,SCO
S1P_G,S1P_G1,Humanobservation,2025-09-11,Plantae,Polypodiales,Pteridium_aquilinum,Bracken,Species,1,5,Percentagecover,Present,N55  41.778,W005  17.249,,,,WGS84,SCO
S1P_G,S1P_G2,Humanobservation,2025-09-11,Plantae,Rosales,Potentilla_erecta,Tormentil,Species,1,5,Percentagecover,Present,N55  41.778,W005  17.249,,,,WGS84,SCO
S1P_G,S1P_G3,Humanobservation,2025-09-11,Plantae,Poales,Nardus_stricta,Mat_grass,Species,1,90,Percentagecover,Present,N55  41.778,W005  17.249,,,,WGS84,SCO
S1P_H,S1P_H1,Humanobservation,2025-09-11,Plantae,Polypodiales,Pteridium_aquilinum,Bracken,Species,1,35,Percentagecover,Present,N55  41.763,W005  17.235,,,,WGS84,SCO
S1P_H,S1P_H2,Humanobservation,2025-09-11,Plantae,Malpighiales,Viola_palustris,Marsh_violet,Species,1,20,Percentagecover,Present,N55  41.763,W005  17.235,,,,WGS84,SCO
S1P_H,S1P_H3,Humanobservation,2025-09-11,Plantae,Poales,Nardus_stricta,Mat_grass,Species,1,100,Percentagecover,Present,N55  41.763,W005  17.235,,,,WGS84,SCO
S1P_H,S1P_H4,Humanobservation,2025-09-11,Plantae,Rosales,Potentilla_erecta,Tormentil,Species,1,5,Percentagecover,Present,N55  41.763,W005  17.235,,,,WGS84,SCO
S1P_H,S1P_H5,Humanobservation,2025-09-11,Plantae,Gentianales,Galium_saxatile,Heath_bedstraw,Species,1,40,Percentagecover,Present,N55  41.763,W005  17.235,,,,WGS84,SCO
S2P_A,S2P_A1,Humanobservation,2025-09-11,Plantae,Polypodiales,Pteridium_aquilinum,Bracken,Species,1,70,Percentagecover,Present,N55  41.935,W005  17.240,,,,WGS84,SCO
S2P_A,S2P_A2,Humanobservation,2025-09-11,Plantae,Poales,Nardus_stricta,Mat_grass,Species,1,90,Percentagecover,Present,N55  41.935,W005  17.240,,,,WGS84,SCO
S2P_B,S2P_B1,Humanobservation,2025-09-11,Plantae,Poales,Agrostis_capillaris,Common_bent,Species,1,5,Percentagecover,Present,N55  41.924,W005  17.220,,,,WGS84,SCO
S2P_B,S2P_B2,Humanobservation,2025-09-11,Plantae,Poales,Nardus_stricta,Mat_grass,Species,1,95,Percentagecover,Present,N55  41.924,W005  17.220,,,,WGS84,SCO
S2P_B,S2P_B3,Humanobservation,2025-09-11,Plantae,Poales,Holcus_lanatus,Yorkshire_fog,Species,1,2,Percentagecover,Present,N55  41.924,W005  17.220,,,,WGS84,SCO
S2P_C,S2P_C1,Humanobservation,2025-09-11,Plantae,Polypodiales,Pteridium_aquilinum,Bracken,Species,1,30,Percentagecover,Present,N55  41.914,W005  17.203,,,,WGS84,SCO
S2P_C,S2P_C2,Humanobservation,2025-09-11,Plantae,Poales,Nardus_stricta,Mat_grass,Species,1,95,Percentagecover,Present,N55  41.914,W005  17.203,,,,WGS84,SCO
S2P_C,S2P_C3,Humanobservation,2025-09-11,Plantae,Primulaceae,Primula_vulgaris,Primrose,Species,1,10,Percentagecover,Present,N55  41.914,W005  17.203,,,,WGS84,SCO
S2P_C,S2P_C4,Humanobservation,2025-09-11,Plantae,Gentianales,Galium_saxatile,Heath_bedstraw,Species,1,35,Percentagecover,Present,N55  41.914,W005  17.203,,,,WGS84,SCO
S2P_D,S2P_D1,Humanobservation,2025-09-11,Plantae,Poales,Nardus_stricta,Mat_grass,Species,1,100,Percentagecover,Present,N55  41.894,W005  17.194,,,,WGS84,SCO
S2P_D,S2P_D2,Humanobservation,2025-09-11,Plantae,Hypnales,Rhytidiadelphus_triquetrus,Big_shaggy_moss,Species,1,10,Percentagecover,Present,N55  41.894,W005  17.194,,,,WGS84,SCO
S2P_D,S2P_D3,Humanobservation,2025-09-11,Plantae,Rosales,Potentilla_erecta,Tormentil,Species,1,10,Percentagecover,Present,N55  41.894,W005  17.194,,,,WGS84,SCO
S2P_D,S2P_D4,Humanobservation,2025-09-11,Plantae,Poales,Deschampsia_cespitosa,Tufted_hairgrass,Species,1,5,Percentagecover,Present,N55  41.894,W005  17.194,,,,WGS84,SCO
S2P_D,S2P_D5,Humanobservation,2025-09-11,Plantae,Gentianales,Galium_saxatile,Heath_bedstraw,Species,1,10,Percentagecover,Present,N55  41.894,W005  17.194,,,,WGS84,SCO
S2P_D,S2P_D6,Humanobservation,2025-09-11,Plantae,Poales,Holcus_lanatus,Yorkshire_fog,Species,1,5,Percentagecover,Present,N55  41.894,W005  17.194,,,,WGS84,SCO
S2P_E,S2P_E1,Humanobservation,2025-09-11,Plantae,Poales,Nardus_stricta,Mat_grass,Species,1,90,Percentagecover,Present,N55  41.881,W005  17.177,,,,WGS84,SCO
S2P_E,S2P_E2,Humanobservation,2025-09-11,Plantae,Rosales,Potentilla_erecta,Tormentil,Species,1,3,Percentagecover,Present,N55  41.881,W005  17.177,,,,WGS84,SCO
S2P_E,S2P_E3,Humanobservation,2025-09-11,Plantae,Poales,Agrostis_capillaris,Common_bent,Species,1,5,Percentagecover,Present,N55  41.881,W005  17.177,,,,WGS84,SCO
S2P_E,S2P_E4,Humanobservation,2025-09-11,Plantae,Poales,Holcus_lanatus,Yorkshire_fog,Species,1,5,Percentagecover,Present,N55  41.881,W005  17.177,,,,WGS84,SCO
S2P_E,S2P_E5,Humanobservation,2025-09-11,Plantae,Gentianales,Galium_saxatile,Heath_bedstraw,Species,1,25,Percentagecover,Present,N55  41.881,W005  17.177,,,,WGS84,SCO
S2P_F,S2P_F1,Humanobservation,2025-09-11,Plantae,Polytrichales,Polytrichum_commune,Common_haircap,Species,1,30,Percentagecover,Present,N55  41.867,W005  17.160,,,,WGS84,SCO
S2P_F,S2P_F2,Humanobservation,2025-09-11,Plantae,Polypodiales,Pteridium_aquilinum,Bracken,Species,1,15,Percentagecover,Present,N55  41.867,W005  17.160,,,,WGS84,SCO
S2P_F,S2P_F3,Humanobservation,2025-09-11,Plantae,Rosales,Potentilla_erecta,Tormentil,Species,1,15,Percentagecover,Present,N55  41.867,W005  17.160,,,,WGS84,SCO
S2P_F,S2P_F4,Humanobservation,2025-09-11,Plantae,Poales,Nardus_stricta,Mat_grass,Species,1,80,Percentagecover,Present,N55  41.867,W005  17.160,,,,WGS84,SCO
S2P_F,S2P_F5,Humanobservation,2025-09-11,Plantae,Gentianales,Galium_saxatile,Heath_bedstraw,Species,1,10,Percentagecover,Present,N55  41.867,W005  17.160,,,,WGS84,SCO
S2P_G,S2P_G1,Humanobservation,2025-09-11,Plantae,Poales,Agrostis_capillaris,Common_bent,Species,1,2,Percentagecover,Present,N55  41.857,W005  17.140,,,,WGS84,SCO
S2P_G,S2P_G2,Humanobservation,2025-09-11,Plantae,Poales,Holcus_lanatus,Yorkshire_fog,Species,1,10,Percentagecover,Present,N55  41.857,W005  17.140,,,,WGS84,SCO
S2P_G,S2P_G3,Humanobservation,2025-09-11,Plantae,Polypodiales,Pteridium_aquilinum,Bracken,Species,1,3,Percentagecover,Present,N55  41.857,W005  17.140,,,,WGS84,SCO
S2P_G,S2P_G4,Humanobservation,2025-09-11,Plantae,Rosales,Potentilla_erecta,Tormentil,Species,1,3,Percentagecover,Present,N55  41.857,W005  17.140,,,,WGS84,SCO
S2P_G,S2P_G5,Humanobservation,2025-09-11,Plantae,Poales,Nardus_stricta,Mat_grass,Species,1,95,Percentagecover,Present,N55  41.857,W005  17.140,,,,WGS84,SCO
S2P_H,S2P_H1,Humanobservation,2025-09-11,Plantae,Poales,Agrostis_capillaris,Common_bent,Species,1,1,Percentagecover,Present,N55  41.843,W005  17.134,,,,WGS84,SCO
S2P_H,S2P_H2,Humanobservation,2025-09-11,Plantae,Poales,Holcus_lanatus,Yorkshire_fog,Species,1,5,Percentagecover,Present,N55  41.843,W005  17.134,,,,WGS84,SCO
S2P_H,S2P_H3,Humanobservation,2025-09-11,Plantae,Rosales,Potentilla_erecta,Tormentil,Species,1,20,Percentagecover,Present,N55  41.843,W005  17.134,,,,WGS84,SCO
S2P_H,S2P_H4,Humanobservation,2025-09-11,Plantae,Polypodiales,Pteridium_aquilinum,Bracken,Species,1,5,Percentagecover,Present,N55  41.843,W005  17.134,,,,WGS84,SCO
S2P_H,S2P_H5,Humanobservation,2025-09-11,Plantae,Poales,Nardus_stricta,Mat_grass,Species,1,95,Percentagecover,Present,N55  41.843,W005  17.134,,,,WGS84,SCO
S2P_H,S2P_H6,Humanobservation,2025-09-11,Plantae,Poales,Carex,Sedge,Genus,1,15,Percentagecover,Present,N55  41.843,W005  17.134,,,,WGS84,SCO
S2P_I,S2P_I1,Humanobservation,2025-09-11,Plantae,Polytrichales,Polytrichum_commune,Common_haircap,Species,1,25,Percentagecover,Present,N55  41.828,W005  17.120,,,,WGS84,SCO
S2P_I,S2P_I2,Humanobservation,2025-09-11,Plantae,Rosales,Potentilla_erecta,Tormentil,Species,1,15,Percentagecover,Present,N55  41.828,W005  17.120,,,,WGS84,SCO
S2P_I,S2P_I3,Humanobservation,2025-09-11,Plantae,Poales,Carex,Sedge,Genus,1,2,Percentagecover,Present,N55  41.828,W005  17.120,,,,WGS84,SCO
S2P_I,S2P_I4,Humanobservation,2025-09-11,Plantae,Poales,Holcus_lanatus,Yorkshire_fog,Species,1,5,Percentagecover,Present,N55  41.828,W005  17.120,,,,WGS84,SCO
S2P_I,S2P_I5,Humanobservation,2025-09-11,Plantae,Poales,Nardus_stricta,Mat_grass,Species,1,40,Percentagecover,Present,N55  41.828,W005  17.120,,,,WGS84,SCO
S2P_J,S2P_J1,Humanobservation,2025-09-11,Plantae,Poales,Holcus_lanatus,Yorkshire_fog,Species,1,5,Percentagecover,Present,N55  41.817,W005  17.100,,,,WGS84,SCO
S2P_J,S2P_J2,Humanobservation,2025-09-11,Plantae,Poales,Deschampsia_cespitosa,Tufted_hairgrass,Species,1,2,Percentagecover,Present,N55  41.817,W005  17.100,,,,WGS84,SCO
S2P_J,S2P_J3,Humanobservation,2025-09-11,Plantae,Poales,Agrostis_capillaris,Common_bent,Species,1,2,Percentagecover,Present,N55  41.817,W005  17.100,,,,WGS84,SCO
S2P_J,S2P_J4,Humanobservation,2025-09-11,Plantae,Poales,Nardus_stricta,Mat_grass,Species,1,100,Percentagecover,Present,N55  41.817,W005  17.100,,,,WGS84,SCO
S2P_J,S2P_J5,Humanobservation,2025-09-11,Plantae,Poales,Carex,Sedge,Genus,1,5,Percentagecover,Present,N55  41.817,W005  17.100,,,,WGS84,SCO
